survived,sex,age,n_siblings_spouses,parch,fare,class,deck,embark_town,alone
0,male,22,1,0,7.25,Third,unknown,Southampton,n
1,female,38,1,0,71.2833,First,C,Cherbourg,n
1,female,26,0,0,7.925,Third,unknown,Southampton,y
1,female,35,1,0,53.1,First,C,Southampton,n
0,male,28,0,0,8.4583,Third,unknown,Queenstown,y
0,male,2,3,1,21.075,Third,unknown,Southampton,n
1,female,27,0,2,11.1333,Third,unknown,Southampton,n
1,female,14,1,0,30.0708,Second,unknown,Cherbourg,n
1,female,4,1,1,16.7,Third,G,Southampton,n
0,male,20,0,0,8.05,Third,unknown,Southampton,y
0,male,39,1,5,31.275,Third,unknown,Southampton,n
0,female,14,0,0,7.8542,Third,unknown,Southampton,y
0,male,2,4,1,29.125,Third,unknown,Queenstown,n
1,male,28,0,0,13,Second,unknown,Southampton,y
0,female,31,1,0,18,Third,unknown,Southampton,n
1,female,28,0,0,7.225,Third,unknown,Cherbourg,y
0,male,35,0,0,26,Second,unknown,Southampton,y
1,male,28,0,0,35.5,First,A,Southampton,y
1,female,38,1,5,31.3875,Third,unknown,Southampton,n
0,male,28,0,0,7.225,Third,unknown,Cherbourg,y
0,male,19,3,2,263,First,C,Southampton,n
1,female,28,0,0,7.8792,Third,unknown,Queenstown,y
0,male,28,0,0,7.8958,Third,unknown,Southampton,y
0,male,40,0,0,27.7208,First,unknown,Cherbourg,y
1,female,28,1,0,146.5208,First,B,Cherbourg,n
1,female,28,0,0,7.75,Third,unknown,Queenstown,y
0,male,66,0,0,10.5,Second,unknown,Southampton,y
0,male,28,1,0,82.1708,First,unknown,Cherbourg,n
0,male,42,1,0,52,First,unknown,Southampton,n
1,male,28,0,0,7.2292,Third,unknown,Cherbourg,y
1,female,14,1,0,11.2417,Third,unknown,Cherbourg,n
0,female,40,1,0,9.475,Third,unknown,Southampton,n
0,female,27,1,0,21,Second,unknown,Southampton,n
0,male,28,0,0,7.8958,Third,unknown,Cherbourg,y
1,female,3,1,2,41.5792,Second,unknown,Cherbourg,n
0,male,28,0,0,8.05,Third,unknown,Southampton,y
0,male,28,1,0,15.5,Third,unknown,Queenstown,n
0,male,28,2,0,21.6792,Third,unknown,Cherbourg,n
0,female,18,1,0,17.8,Third,unknown,Southampton,n
0,male,7,4,1,39.6875,Third,unknown,Southampton,n
1,female,49,1,0,76.7292,First,D,Cherbourg,n
1,female,29,1,0,26,Second,unknown,Southampton,n
0,male,65,0,1,61.9792,First,B,Cherbourg,n
1,male,28,0,0,35.5,First,C,Southampton,y
1,female,21,0,0,10.5,Second,unknown,Southampton,y
0,male,28.5,0,0,7.2292,Third,unknown,Cherbourg,y
0,male,11,5,2,46.9,Third,unknown,Southampton,n
0,male,22,0,0,7.2292,Third,unknown,Cherbourg,y
1,female,38,0,0,80,First,B,unknown,y
0,male,45,1,0,83.475,First,C,Southampton,n
0,male,4,3,2,27.9,Third,unknown,Southampton,n
1,male,28,1,1,15.2458,Third,unknown,Cherbourg,n
0,male,19,0,0,8.1583,Third,unknown,Southampton,y
1,female,17,4,2,7.925,Third,unknown,Southampton,n
0,male,26,2,0,8.6625,Third,unknown,Southampton,n
0,male,32,0,0,10.5,Second,unknown,Southampton,y
0,male,21,0,0,73.5,Second,unknown,Southampton,y
1,male,32,0,0,56.4958,Third,unknown,Southampton,y
0,male,25,0,0,7.65,Third,F,Southampton,y
0,male,28,0,0,7.8958,Third,unknown,Southampton,y
0,male,28,0,0,8.05,Third,unknown,Southampton,y
1,male,0.83,0,2,29,Second,unknown,Southampton,n
1,female,30,0,0,12.475,Third,unknown,Southampton,y
0,male,22,0,0,9,Third,unknown,Southampton,y
1,male,29,0,0,9.5,Third,unknown,Southampton,y
1,female,28,0,0,7.7875,Third,unknown,Queenstown,y
0,male,28,0,0,47.1,First,unknown,Southampton,y
0,male,16,1,3,34.375,Third,unknown,Southampton,n
0,male,28,0,0,8.05,Third,unknown,Southampton,y
1,female,23,3,2,263,First,C,Southampton,n
0,male,24,0,0,8.05,Third,unknown,Southampton,y
0,male,46,1,0,61.175,First,E,Southampton,n
0,male,59,0,0,7.25,Third,unknown,Southampton,y
0,male,28,0,0,8.05,Third,unknown,Southampton,y
0,male,71,0,0,34.6542,First,A,Cherbourg,y
1,male,23,0,1,63.3583,First,D,Cherbourg,n
1,female,34,0,1,23,Second,unknown,Southampton,n
0,male,34,1,0,26,Second,unknown,Southampton,n
0,female,28,0,0,7.8958,Third,unknown,Southampton,y
0,male,28,0,0,7.8958,Third,unknown,Southampton,y
0,male,21,0,1,77.2875,First,D,Southampton,n
0,male,33,0,0,8.6542,Third,unknown,Southampton,y
0,male,37,2,0,7.925,Third,unknown,Southampton,n
0,male,28,0,0,7.8958,Third,unknown,Southampton,y
1,male,28,0,0,7.775,Third,unknown,Southampton,y
1,female,28,1,0,24.15,Third,unknown,Queenstown,n
0,male,47,0,0,52,First,C,Southampton,y
0,female,14.5,1,0,14.4542,Third,unknown,Cherbourg,n
0,male,22,0,0,8.05,Third,unknown,Southampton,y
0,female,17,0,0,14.4583,Third,unknown,Cherbourg,y
0,male,21,0,0,7.925,Third,unknown,Southampton,y
0,male,70.5,0,0,7.75,Third,unknown,Queenstown,y
0,male,29,1,0,21,Second,unknown,Southampton,n
0,male,24,0,1,247.5208,First,B,Cherbourg,n
0,male,28,0,0,8.05,Third,unknown,Southampton,y
0,male,32.5,1,0,30.0708,Second,unknown,Cherbourg,n
1,female,32.5,0,0,13,Second,E,Southampton,y
0,male,28,0,0,7.75,Third,unknown,Queenstown,y
1,male,24,0,0,7.1417,Third,unknown,Southampton,y
0,male,45,0,0,6.975,Third,unknown,Southampton,y
